Roll Number,City,Age,Gender,cgpa,package
1,Bangalore,25,Female,6.89,3.26
2,Delhi,23,Female,5.12,1.98
3,Chennai,25,Male,7.82,3.25
4,Bangalore,26,Male,7.42,3.67
5,Kolkata,22,Female,6.94,3.57
6,Chennai,24,Female,7.89,2.99
7,Pune,25,Female,6.73,2.6
8,Delhi,25,Male,6.75,2.48
9,Chennai,23,Female,6.09,2.31
10,Chennai,25,Male,8.31,3.51
11,Hyderabad,25,Male,5.32,1.86
12,Kolkata,25,Female,6.61,2.6
13,Delhi,25,Male,8.94,3.65
14,Hyderabad,26,Female,6.93,2.89
15,Chennai,26,Male,7.73,3.42
16,Kolkata,24,Male,7.25,3.23
17,Delhi,25,Male,6.84,2.35
18,Ahmedabad,25,Male,5.38,2.09
19,Bangalore,23,Male,6.94,2.98
20,Hyderabad,22,Female,7.48,2.83
21,Kolkata,26,Male,7.28,3.16
22,Bangalore,22,Female,6.85,2.93
23,Mumbai,25,Female,6.14,2.3
24,Ahmedabad,22,Female,6.19,2.48
25,Pune,26,Male,6.53,2.71
26,Mumbai,24,Male,7.28,3.65
27,Bangalore,25,Female,8.31,3.42
28,Hyderabad,23,Female,5.42,2.16
29,Delhi,22,Male,5.94,2.24
30,Bangalore,22,Female,7.15,3.49
31,Hyderabad,22,Male,7.36,3.26
32,Chennai,25,Male,8.1,3.89
33,Kolkata,23,Male,6.96,3.08
34,Hyderabad,22,Female,6.35,2.73
35,Delhi,24,Male,7.34,3.42
36,Delhi,25,Male,6.87,2.87
37,Ahmedabad,26,Male,5.99,2.84
38,Chennai,23,Female,5.9,2.43
39,Pune,24,Male,8.62,4.36
40,Kolkata,23,Male,7.43,3.33
41,Pune,26,Female,9.38,4.02
42,Chennai,26,Male,6.89,2.7
43,Pune,23,Male,5.95,2.54
44,Delhi,23,Female,7.66,2.76
45,Delhi,25,Male,5.09,1.86
46,Kolkata,22,Female,7.87,3.58
47,Mumbai,26,Male,6.07,2.26
48,Pune,25,Male,5.84,3.26
49,Kolkata,24,Female,8.63,4.09
50,Chennai,26,Female,8.87,4.62
51,Kolkata,25,Female,9.58,4.43
52,Kolkata,23,Female,9.26,3.79
53,Hyderabad,22,Male,8.37,4.11
54,Ahmedabad,22,Female,6.47,2.61
55,Kolkata,25,Male,6.86,3.09
56,Pune,26,Male,8.2,3.39
57,Kolkata,23,Female,5.84,2.74
58,Chennai,22,Female,6.6,1.94
59,Bangalore,25,Female,6.92,3.09
60,Mumbai,26,Male,7.56,3.31
61,Pune,25,Female,5.61,2.19
62,Ahmedabad,22,Female,5.48,1.61
63,Ahmedabad,23,Female,6.34,2.09
64,Chennai,25,Female,9.16,4.25
65,Chennai,25,Male,7.36,2.92
66,Delhi,22,Male,7.6,3.81
67,Delhi,22,Female,5.11,1.63
68,Delhi,22,Female,6.51,2.89
69,Chennai,24,Male,7.56,2.99
70,Hyderabad,23,Female,7.3,2.94
71,Delhi,26,Female,5.79,2.35
72,Kolkata,25,Female,7.47,3.34
73,Pune,23,Male,7.78,3.62
74,Mumbai,24,Male,8.44,4.03
75,Chennai,22,Male,6.85,3.44
76,Hyderabad,23,Female,6.97,3.28
77,Kolkata,22,Female,6.94,3.15
78,Kolkata,26,Female,8.99,4.6
79,Kolkata,25,Female,6.59,2.21
80,Delhi,22,Female,7.18,3
81,Pune,24,Female,7.63,3.44
82,Delhi,23,Male,6.1,2.2
83,Delhi,24,Male,5.58,2.17
84,Hyderabad,23,Male,8.44,3.49
85,Chennai,25,Female,4.26,1.53
86,Hyderabad,23,Male,4.79,1.48
87,Mumbai,24,Female,7.61,2.77
88,Chennai,22,Female,8.09,3.55
89,Hyderabad,22,Male,4.73,1.48
90,Kolkata,24,Female,6.42,2.72
91,Hyderabad,26,Male,7.11,2.66
92,Hyderabad,23,Male,6.22,2.14
93,Bangalore,25,Female,7.9,4
94,Kolkata,25,Female,6.79,3.08
95,Mumbai,22,Male,5.83,2.42
96,Bangalore,25,Female,6.63,2.79
97,Mumbai,22,Female,7.11,2.61
98,Ahmedabad,25,Male,5.98,2.84
99,Pune,26,Male,7.69,3.83
100,Kolkata,23,Female,6.61,3.24
101,Bangalore,23,Female,7.95,4.14
102,Bangalore,22,Male,6.71,3.52
103,Hyderabad,26,Male,5.13,1.37
104,Bangalore,25,Female,7.05,3
105,Ahmedabad,23,Female,7.62,3.74
106,Ahmedabad,22,Male,6.66,2.82
107,Chennai,26,Female,6.13,2.19
108,Delhi,25,Male,6.33,2.59
109,Delhi,24,Male,7.76,3.54
110,Ahmedabad,26,Male,7.77,4.06
111,Kolkata,26,Male,8.18,3.76
112,Pune,23,Male,5.42,2.25
113,Delhi,25,Female,8.58,4.1
114,Kolkata,25,Male,6.94,2.37
115,Pune,23,Female,5.84,1.87
116,Chennai,24,Female,8.35,4.21
117,Ahmedabad,26,Female,9.04,3.33
118,Ahmedabad,23,Male,7.12,2.99
119,Mumbai,24,Male,7.4,2.88
120,Kolkata,26,Male,7.39,2.65
121,Kolkata,26,Female,5.23,1.73
122,Mumbai,26,Male,6.5,3.02
123,Bangalore,26,Male,5.12,2.01
124,Ahmedabad,23,Female,5.1,2.3
125,Chennai,22,Male,6.06,2.31
126,Chennai,25,Female,7.33,3.16
127,Bangalore,26,Male,5.91,2.6
128,Mumbai,22,Female,6.78,3.11
129,Hyderabad,25,Male,7.93,3.34
130,Bangalore,23,Female,7.29,3.12
131,Ahmedabad,22,Female,6.68,2.49
132,Mumbai,23,Female,6.37,2.01
133,Kolkata,22,Male,5.84,2.48
134,Delhi,26,Female,6.05,2.58
135,Kolkata,24,Male,7.2,2.83
136,Ahmedabad,22,Male,6.1,2.6
137,Hyderabad,24,Male,5.64,2.1
138,Pune,23,Female,7.14,3.13
139,Hyderabad,24,Male,7.91,3.89
140,Kolkata,23,Male,7.19,2.4
141,Kolkata,25,Male,7.91,3.15
142,Ahmedabad,23,Male,6.76,3.18
143,Delhi,23,Male,6.93,3.04
144,Chennai,24,Male,4.85,1.54
145,Mumbai,26,Male,6.17,2.42
146,Chennai,25,Male,5.84,2.18
147,Mumbai,22,Male,6.07,2.46
148,Mumbai,23,Male,5.66,2.21
149,Delhi,22,Female,7.57,3.4
150,Mumbai,25,Male,8.28,3.67
151,Hyderabad,25,Male,6.3,2.73
152,Pune,25,Female,6.12,2.76
153,Ahmedabad,23,Male,7.37,3.08
154,Pune,26,Female,7.94,3.99
155,Chennai,26,Male,7.08,2.85
156,Mumbai,24,Female,6.98,3.09
157,Pune,22,Female,7.38,3.13
158,Mumbai,25,Male,6.47,2.7
159,Mumbai,23,Male,5.95,3.04
160,Hyderabad,22,Male,8.71,4.08
161,Bangalore,26,Female,7.13,2.93
162,Mumbai,23,Male,7.3,3.33
163,Ahmedabad,22,Female,5.53,2.55
164,Mumbai,23,Male,8.93,3.91
165,Pune,26,Female,9.06,3.82
166,Bangalore,23,Male,8.21,4.08
167,Delhi,22,Female,8.6,3.98
168,Mumbai,25,Male,8.13,3.6
169,Chennai,25,Female,8.65,3.52
170,Kolkata,22,Male,9.31,4.37
171,Ahmedabad,24,Male,6.22,2.87
172,Hyderabad,25,Male,8.01,3.76
173,Mumbai,26,Male,6.93,2.51
174,Ahmedabad,25,Male,6.75,2.56
175,Bangalore,25,Male,7.32,2.99
176,Bangalore,25,Female,7.04,3.5
177,Ahmedabad,23,Female,6.29,3.23
178,Delhi,23,Male,7.09,3.64
179,Chennai,23,Female,8.15,3.63
180,Chennai,22,Male,7.14,3.03
181,Kolkata,24,Male,6.19,2.72
182,Kolkata,24,Female,8.22,3.89
183,Ahmedabad,25,Male,5.88,2.08
184,Mumbai,25,Female,7.28,2.72
185,Hyderabad,24,Male,7.88,3.14
186,Chennai,25,Male,6.31,3.18
187,Bangalore,26,Male,7.84,3.47
188,Mumbai,23,Female,6.26,2.44
189,Delhi,25,Male,7.35,3.08
190,Chennai,24,Male,8.11,4.06
191,Delhi,22,Female,6.19,2.69
192,Kolkata,25,Female,7.28,3.48
193,Ahmedabad,25,Male,8.25,3.75
194,Pune,26,Male,4.57,1.94
195,Mumbai,26,Male,7.89,3.67
196,Bangalore,24,Male,6.93,2.46
197,Mumbai,23,Female,5.89,2.57
198,Ahmedabad,26,Female,7.21,3.24
199,Delhi,23,Female,7.63,3.96
200,Ahmedabad,23,Male,6.22,2.33
201,Mumbai,25,Female,6.89,3.26
202,Chennai,22,Male,5.12,1.98
203,Ahmedabad,24,Female,7.82,3.25
204,Chennai,23,Male,7.42,3.67
205,Ahmedabad,26,Female,6.94,3.57
206,Bangalore,22,Male,7.89,2.99
207,Pune,24,Male,6.73,2.6
208,Ahmedabad,25,Male,6.75,2.48
209,Ahmedabad,24,Male,6.09,2.31
210,Mumbai,26,Male,8.31,3.51
211,Bangalore,24,Female,5.32,1.86
212,Chennai,23,Male,6.61,2.6
213,Kolkata,23,Female,8.94,3.65
214,Chennai,25,Female,6.93,2.89
215,Pune,24,Female,7.73,3.42
216,Mumbai,24,Female,7.25,3.23
217,Chennai,26,Female,6.84,2.35
218,Bangalore,25,Female,5.38,2.09
219,Mumbai,22,Female,6.94,2.98
220,Ahmedabad,25,Male,7.48,2.83
221,Pune,26,Female,7.28,3.16
222,Pune,22,Female,6.85,2.93
223,Ahmedabad,25,Female,6.14,2.3
224,Hyderabad,25,Female,6.19,2.48
225,Pune,26,Female,6.53,2.71
226,Ahmedabad,25,Male,7.28,3.65
227,Kolkata,23,Female,8.31,3.42
228,Pune,23,Female,5.42,2.16
229,Chennai,24,Male,5.94,2.24
230,Mumbai,25,Female,7.15,3.49
231,Hyderabad,26,Male,7.36,3.26
232,Chennai,22,Female,8.1,3.89
233,Pune,26,Female,6.96,3.08
234,Bangalore,25,Female,6.35,2.73
235,Kolkata,26,Male,7.34,3.42
236,Mumbai,24,Female,6.87,2.87
237,Pune,26,Male,5.99,2.84
238,Bangalore,23,Male,5.9,2.43
239,Bangalore,25,Female,8.62,4.36
240,Ahmedabad,26,Female,7.43,3.33
241,Mumbai,25,Male,9.38,4.02
242,Ahmedabad,26,Male,6.89,2.7
243,Bangalore,25,Male,5.95,2.54
244,Mumbai,26,Male,7.66,2.76
245,Bangalore,24,Female,5.09,1.86
246,Ahmedabad,25,Female,7.87,3.58
247,Delhi,26,Male,6.07,2.26
248,Pune,22,Female,5.84,3.26
249,Hyderabad,26,Female,8.63,4.09
250,Bangalore,26,Female,8.87,4.62
251,Delhi,22,Female,9.58,4.43
252,Kolkata,22,Male,9.26,3.79
253,Ahmedabad,26,Female,8.37,4.11
254,Ahmedabad,23,Male,6.47,2.61
255,Delhi,24,Female,6.86,3.09
256,Ahmedabad,24,Female,8.2,3.39
257,Mumbai,22,Male,5.84,2.74
258,Ahmedabad,26,Male,6.6,1.94
259,Chennai,24,Female,6.92,3.09
260,Bangalore,26,Female,7.56,3.31
261,Kolkata,24,Female,5.61,2.19
262,Hyderabad,23,Male,5.48,1.61
263,Bangalore,26,Male,6.34,2.09
264,Bangalore,23,Male,9.16,4.25
265,Delhi,26,Male,7.36,2.92
266,Bangalore,22,Male,7.6,3.81
267,Hyderabad,25,Male,5.11,1.63
268,Hyderabad,24,Male,6.51,2.89
269,Pune,24,Male,7.56,2.99
270,Delhi,24,Male,7.3,2.94
271,Mumbai,26,Male,5.79,2.35
272,Ahmedabad,22,Male,7.47,3.34
273,Chennai,22,Male,7.78,3.62
274,Kolkata,24,Female,8.44,4.03
275,Kolkata,26,Male,6.85,3.44
276,Pune,26,Female,6.97,3.28
277,Mumbai,23,Female,6.94,3.15
278,Chennai,24,Male,8.99,4.6
279,Ahmedabad,22,Female,6.59,2.21
280,Ahmedabad,26,Female,7.18,3
281,Ahmedabad,23,Female,7.63,3.44
282,Mumbai,22,Male,6.1,2.2
283,Hyderabad,23,Male,5.58,2.17
284,Delhi,24,Female,8.44,3.49
285,Delhi,25,Female,4.26,1.53
286,Delhi,23,Male,4.79,1.48
287,Hyderabad,24,Male,7.61,2.77
288,Ahmedabad,22,Male,8.09,3.55
289,Mumbai,23,Female,4.73,1.48
290,Chennai,25,Female,6.42,2.72
291,Pune,22,Male,7.11,2.66
292,Mumbai,24,Female,6.22,2.14
293,Delhi,23,Female,7.9,4
294,Chennai,26,Female,6.79,3.08
295,Mumbai,24,Male,5.83,2.42
296,Kolkata,22,Female,6.63,2.79
297,Pune,24,Female,7.11,2.61
298,Delhi,23,Female,5.98,2.84
299,Mumbai,23,Female,7.69,3.83
300,Ahmedabad,26,Male,6.61,3.24
301,Ahmedabad,22,Female,7.95,4.14
302,Bangalore,22,Male,6.71,3.52
303,Hyderabad,24,Male,5.13,1.37
304,Mumbai,22,Male,7.05,3
305,Mumbai,23,Female,7.62,3.74
306,Ahmedabad,22,Female,6.66,2.82
307,Chennai,22,Female,6.13,2.19
308,Delhi,24,Male,6.33,2.59
309,Ahmedabad,26,Male,7.76,3.54
310,Chennai,24,Female,7.77,4.06
311,Mumbai,25,Male,8.18,3.76
312,Hyderabad,23,Female,5.42,2.25
313,Hyderabad,23,Male,8.58,4.1
314,Ahmedabad,22,Female,6.94,2.37
315,Ahmedabad,24,Female,5.84,1.87
316,Pune,25,Male,8.35,4.21
317,Kolkata,26,Male,9.04,3.33
318,Bangalore,24,Female,7.12,2.99
319,Pune,22,Male,7.4,2.88
320,Bangalore,22,Female,7.39,2.65
321,Kolkata,24,Female,5.23,1.73
322,Delhi,23,Female,6.5,3.02
323,Kolkata,26,Female,5.12,2.01
324,Delhi,24,Male,5.1,2.3
325,Pune,24,Male,6.06,2.31
326,Kolkata,24,Male,7.33,3.16
327,Kolkata,23,Male,5.91,2.6
328,Ahmedabad,23,Female,6.78,3.11
329,Delhi,24,Male,7.93,3.34
330,Kolkata,24,Female,7.29,3.12
331,Delhi,26,Female,6.68,2.49
332,Mumbai,26,Female,6.37,2.01
333,Mumbai,24,Male,5.84,2.48
334,Bangalore,26,Female,6.05,2.58
335,Ahmedabad,24,Male,7.2,2.83
336,Delhi,22,Female,6.1,2.6
337,Chennai,23,Female,5.64,2.1
338,Kolkata,25,Female,7.14,3.13
339,Delhi,24,Male,7.91,3.89
340,Ahmedabad,24,Female,7.19,2.4
341,Kolkata,25,Female,7.91,3.15
342,Mumbai,25,Female,6.76,3.18
343,Delhi,22,Male,6.93,3.04
344,Mumbai,23,Male,4.85,1.54
345,Chennai,24,Male,6.17,2.42
346,Delhi,24,Male,5.84,2.18
347,Kolkata,22,Male,6.07,2.46
348,Pune,25,Male,5.66,2.21
349,Bangalore,22,Female,7.57,3.4
350,Mumbai,25,Female,8.28,3.67
351,Hyderabad,24,Female,6.3,2.73
352,Hyderabad,23,Male,6.12,2.76
353,Kolkata,22,Male,7.37,3.08
354,Pune,24,Male,7.94,3.99
355,Bangalore,23,Female,7.08,2.85
356,Pune,24,Male,6.98,3.09
357,Ahmedabad,24,Female,7.38,3.13
358,Ahmedabad,24,Male,6.47,2.7
359,Ahmedabad,25,Male,5.95,3.04
360,Bangalore,26,Female,8.71,4.08
361,Delhi,25,Female,7.13,2.93
362,Mumbai,26,Female,7.3,3.33
363,Mumbai,24,Female,5.53,2.55
364,Delhi,25,Female,8.93,3.91
365,Ahmedabad,23,Male,9.06,3.82
366,Hyderabad,23,Female,8.21,4.08
367,Ahmedabad,25,Female,8.6,3.98
368,Delhi,24,Male,8.13,3.6
369,Kolkata,23,Male,8.65,3.52
370,Delhi,25,Male,9.31,4.37
371,Bangalore,22,Female,6.22,2.87
372,Kolkata,24,Male,8.01,3.76
373,Bangalore,22,Female,6.93,2.51
374,Delhi,23,Male,6.75,2.56
375,Hyderabad,24,Female,7.32,2.99
376,Delhi,25,Female,7.04,3.5
377,Mumbai,23,Male,6.29,3.23
378,Mumbai,23,Male,7.09,3.64
379,Mumbai,26,Male,8.15,3.63
380,Chennai,23,Male,7.14,3.03
381,Hyderabad,25,Male,6.19,2.72
382,Chennai,22,Female,8.22,3.89
383,Ahmedabad,22,Female,5.88,2.08
384,Mumbai,26,Female,7.28,2.72
385,Kolkata,22,Female,7.88,3.14
386,Ahmedabad,26,Male,6.31,3.18
387,Kolkata,22,Male,7.84,3.47
388,Mumbai,22,Male,6.26,2.44
389,Chennai,22,Female,7.35,3.08
390,Mumbai,26,Female,8.11,4.06
391,Pune,25,Male,6.19,2.69
392,Hyderabad,22,Male,7.28,3.48
393,Chennai,26,Male,8.25,3.75
394,Kolkata,24,Male,4.57,1.94
395,Kolkata,26,Male,7.89,3.67
396,Bangalore,22,Male,6.93,2.46
397,Chennai,26,Female,5.89,2.57
398,Ahmedabad,26,Male,7.21,3.24
399,Hyderabad,26,Male,7.63,3.96
400,Kolkata,23,Male,6.22,2.33
401,Kolkata,25,Female,7.23,4.1
402,Kolkata,23,Male,6.89,3.26
403,Kolkata,23,Female,5.12,1.98
404,Hyderabad,24,Male,7.82,3.25
405,Ahmedabad,23,Male,7.42,3.67
406,Ahmedabad,24,Female,6.94,3.57
407,Ahmedabad,24,Male,7.89,2.99
408,Pune,24,Male,6.73,2.6
409,Chennai,26,Male,6.75,2.48
410,Mumbai,24,Male,6.09,2.31
411,Hyderabad,26,Female,8.31,3.51
412,Kolkata,25,Male,5.32,1.86
413,Hyderabad,26,Female,6.61,2.6
414,Ahmedabad,26,Female,8.94,3.65
415,Bangalore,25,Male,6.93,2.89
416,Ahmedabad,23,Male,7.73,3.42
417,Hyderabad,23,Female,7.25,3.23
418,Pune,22,Male,6.84,2.35
419,Mumbai,23,Female,5.38,2.09
420,Mumbai,23,Female,6.94,2.98
421,Delhi,24,Male,7.48,2.83
422,Mumbai,26,Male,7.28,3.16
423,Mumbai,24,Male,6.85,2.93
424,Chennai,24,Female,6.14,2.3
425,Pune,24,Male,6.19,2.48
426,Chennai,22,Female,6.53,2.71
427,Chennai,24,Male,7.28,3.65
428,Pune,23,Female,8.31,3.42
429,Chennai,23,Male,5.42,2.16
430,Hyderabad,24,Female,5.94,2.24
431,Delhi,24,Male,7.15,3.49
432,Delhi,24,Male,7.36,3.26
433,Pune,23,Female,8.1,3.89
434,Pune,22,Female,6.96,3.08
435,Hyderabad,22,Female,6.35,2.73
436,Delhi,25,Female,7.34,3.42
437,Hyderabad,23,Female,6.87,2.87
438,Kolkata,22,Male,5.99,2.84
439,Bangalore,26,Female,5.9,2.43
440,Hyderabad,22,Male,8.62,4.36
441,Hyderabad,26,Female,7.43,3.33
442,Kolkata,22,Male,9.38,4.02
443,Hyderabad,25,Male,6.89,2.7
444,Pune,25,Male,5.95,2.54
445,Kolkata,24,Male,7.66,2.76
446,Chennai,24,Male,5.09,1.86
447,Bangalore,24,Male,7.87,3.58
448,Kolkata,23,Female,6.07,2.26
449,Pune,22,Male,5.84,3.26
450,Pune,22,Female,8.63,4.09
451,Mumbai,23,Male,8.87,4.62
452,Hyderabad,24,Female,9.58,4.43
453,Chennai,25,Male,9.26,3.79
454,Kolkata,24,Female,8.37,4.11
455,Pune,22,Female,6.47,2.61
456,Chennai,24,Female,6.86,3.09
457,Delhi,22,Female,8.2,3.39
458,Mumbai,24,Male,5.84,2.74
459,Ahmedabad,26,Female,6.6,1.94
460,Hyderabad,25,Female,6.92,3.09
461,Mumbai,23,Male,7.56,3.31
462,Pune,26,Female,5.61,2.19
463,Mumbai,25,Female,5.48,1.61
464,Delhi,24,Male,6.34,2.09
465,Delhi,24,Female,9.16,4.25
466,Hyderabad,23,Male,7.36,2.92
467,Bangalore,25,Male,7.6,3.81
468,Hyderabad,24,Male,5.11,1.63
469,Pune,24,Female,6.51,2.89
470,Ahmedabad,23,Male,7.56,2.99
471,Hyderabad,23,Male,7.3,2.94
472,Pune,24,Male,5.79,2.35
473,Pune,22,Female,7.47,3.34
474,Bangalore,26,Male,7.78,3.62
475,Chennai,26,Female,8.44,4.03
476,Kolkata,25,Male,6.85,3.44
477,Chennai,23,Female,6.97,3.28
478,Mumbai,24,Female,6.94,3.15
479,Hyderabad,23,Female,8.99,4.6
480,Bangalore,26,Male,6.59,2.21
481,Bangalore,26,Female,7.18,3
482,Pune,25,Male,7.63,3.44
483,Delhi,23,Female,6.1,2.2
484,Chennai,25,Male,5.58,2.17
485,Delhi,24,Female,8.44,3.49
486,Ahmedabad,23,Male,4.26,1.53
487,Ahmedabad,24,Male,4.79,1.48
488,Ahmedabad,23,Female,7.61,2.77
489,Ahmedabad,22,Female,8.09,3.55
490,Chennai,23,Male,4.73,1.48
491,Bangalore,26,Male,6.42,2.72
492,Hyderabad,24,Female,7.11,2.66
493,Hyderabad,26,Female,6.22,2.14
494,Mumbai,22,Female,7.9,4
495,Delhi,22,Male,6.79,3.08
496,Mumbai,26,Male,5.83,2.42
497,Kolkata,24,Male,6.63,2.79
498,Ahmedabad,22,Female,7.11,2.61
499,Ahmedabad,25,Female,5.98,2.84
500,Chennai,26,Male,7.69,3.83
501,Bangalore,24,Male,6.61,3.24
502,Bangalore,23,Male,7.95,4.14
503,Ahmedabad,24,Male,6.71,3.52
504,Chennai,22,Female,5.13,1.37
505,Bangalore,25,Male,7.05,3
506,Mumbai,24,Female,7.62,3.74
507,Chennai,26,Male,6.66,2.82
508,Bangalore,24,Female,6.13,2.19
509,Hyderabad,24,Female,6.33,2.59
510,Mumbai,24,Male,7.76,3.54
511,Mumbai,24,Male,7.77,4.06
512,Chennai,25,Male,8.18,3.76
513,Pune,26,Male,5.42,2.25
514,Hyderabad,25,Female,8.58,4.1
515,Mumbai,23,Male,6.94,2.37
516,Hyderabad,26,Male,5.84,1.87
517,Pune,22,Male,8.35,4.21
518,Hyderabad,24,Female,9.04,3.33
519,Delhi,23,Female,7.12,2.99
520,Ahmedabad,22,Male,7.4,2.88
521,Hyderabad,22,Male,7.39,2.65
522,Mumbai,24,Male,5.23,1.73
523,Hyderabad,26,Male,6.5,3.02
524,Pune,25,Male,5.12,2.01
525,Pune,24,Female,5.1,2.3
526,Hyderabad,23,Female,6.06,2.31
527,Pune,22,Male,7.33,3.16
528,Chennai,23,Female,5.91,2.6
529,Ahmedabad,23,Female,6.78,3.11
530,Chennai,22,Male,7.93,3.34
531,Delhi,24,Female,7.29,3.12
532,Hyderabad,25,Female,6.68,2.49
533,Delhi,25,Male,6.37,2.01
534,Mumbai,24,Female,5.84,2.48
535,Mumbai,26,Male,6.05,2.58
536,Chennai,26,Male,7.2,2.83
537,Pune,22,Female,6.1,2.6
538,Ahmedabad,24,Female,5.64,2.1
539,Hyderabad,23,Female,7.14,3.13
540,Pune,24,Female,7.91,3.89
541,Delhi,26,Male,7.19,2.4
542,Pune,26,Female,7.91,3.15
543,Kolkata,24,Male,6.76,3.18
544,Mumbai,26,Male,6.93,3.04
545,Mumbai,22,Female,4.85,1.54
546,Chennai,24,Female,6.17,2.42
547,Mumbai,26,Female,5.84,2.18
548,Chennai,23,Female,6.07,2.46
549,Ahmedabad,24,Female,5.66,2.21
550,Ahmedabad,23,Female,7.57,3.4
551,Chennai,25,Male,8.28,3.67
552,Chennai,25,Male,6.3,2.73
553,Kolkata,23,Female,6.12,2.76
554,Chennai,26,Female,7.37,3.08
555,Ahmedabad,23,Male,7.94,3.99
556,Hyderabad,23,Male,7.08,2.85
557,Mumbai,25,Male,6.98,3.09
558,Mumbai,24,Male,7.38,3.13
559,Kolkata,25,Female,6.47,2.7
560,Mumbai,24,Male,5.95,3.04
561,Kolkata,22,Male,8.71,4.08
562,Delhi,22,Female,7.13,2.93
563,Chennai,24,Male,7.3,3.33
564,Hyderabad,24,Female,5.53,2.55
565,Pune,25,Male,8.93,3.91
566,Ahmedabad,22,Male,9.06,3.82
567,Delhi,26,Male,8.21,4.08
568,Hyderabad,25,Female,8.6,3.98
569,Mumbai,25,Female,8.13,3.6
570,Ahmedabad,24,Male,8.65,3.52
571,Ahmedabad,24,Female,9.31,4.37
572,Delhi,25,Female,6.22,2.87
573,Ahmedabad,22,Male,8.01,3.76
574,Mumbai,25,Male,6.93,2.51
575,Pune,23,Female,6.75,2.56
576,Ahmedabad,24,Male,7.32,2.99
577,Pune,24,Male,7.04,3.5
578,Bangalore,23,Male,6.29,3.23
579,Bangalore,26,Female,7.09,3.64
580,Delhi,24,Female,8.15,3.63
581,Hyderabad,25,Male,7.14,3.03
582,Chennai,25,Male,6.19,2.72
583,Delhi,25,Female,8.22,3.89
584,Bangalore,24,Female,5.88,2.08
585,Hyderabad,25,Female,7.28,2.72
586,Ahmedabad,25,Male,7.88,3.14
587,Pune,25,Female,6.31,3.18
588,Bangalore,24,Female,7.84,3.47
589,Bangalore,24,Male,6.26,2.44
590,Pune,23,Female,7.35,3.08
591,Ahmedabad,23,Male,8.11,4.06
592,Bangalore,22,Male,6.19,2.69
593,Kolkata,24,Female,7.28,3.48
594,Delhi,23,Male,8.25,3.75
595,Pune,26,Female,4.57,1.94
596,Chennai,25,Male,7.89,3.67
597,Mumbai,24,Male,6.93,2.46
598,Pune,26,Male,5.89,2.57
599,Chennai,24,Male,7.21,3.24
600,Kolkata,26,Male,7.63,3.96
601,Delhi,25,Female,6.22,2.33
602,Mumbai,23,Male,6.89,3.26
603,Ahmedabad,26,Female,5.12,1.98
604,Delhi,24,Male,7.82,3.25
605,Hyderabad,22,Male,7.42,3.67
606,Ahmedabad,26,Male,6.94,3.57
607,Ahmedabad,22,Male,7.89,2.99
608,Chennai,23,Female,6.73,2.6
609,Bangalore,25,Female,6.75,2.48
610,Ahmedabad,22,Male,6.09,2.31
611,Hyderabad,23,Female,8.31,3.51
612,Kolkata,26,Male,5.32,1.86
613,Ahmedabad,22,Female,6.61,2.6
614,Delhi,25,Male,8.94,3.65
615,Mumbai,23,Female,6.93,2.89
616,Chennai,22,Female,7.73,3.42
617,Bangalore,22,Female,7.25,3.23
618,Mumbai,22,Male,6.84,2.35
619,Ahmedabad,23,Female,5.38,2.09
620,Mumbai,22,Female,6.94,2.98
621,Mumbai,24,Female,7.48,2.83
622,Pune,26,Female,7.28,3.16
623,Hyderabad,25,Female,6.85,2.93
624,Bangalore,24,Male,6.14,2.3
625,Kolkata,26,Male,6.19,2.48
626,Kolkata,22,Female,6.53,2.71
627,Mumbai,23,Female,7.28,3.65
628,Chennai,23,Female,8.31,3.42
629,Pune,25,Male,5.42,2.16
630,Delhi,22,Male,5.94,2.24
631,Delhi,25,Male,7.15,3.49
632,Kolkata,22,Male,7.36,3.26
633,Chennai,23,Female,8.1,3.89
634,Chennai,25,Male,6.96,3.08
635,Pune,24,Male,6.35,2.73
636,Chennai,26,Female,7.34,3.42
637,Kolkata,24,Male,6.87,2.87
638,Hyderabad,24,Female,5.99,2.84
639,Chennai,24,Male,5.9,2.43
640,Pune,23,Female,8.62,4.36
641,Delhi,24,Male,7.43,3.33
642,Hyderabad,23,Female,9.38,4.02
643,Bangalore,26,Female,6.89,2.7
644,Kolkata,25,Male,5.95,2.54
645,Bangalore,26,Female,7.66,2.76
646,Bangalore,24,Male,5.09,1.86
647,Bangalore,26,Female,7.87,3.58
648,Kolkata,26,Female,6.07,2.26
649,Kolkata,24,Male,5.84,3.26
650,Mumbai,24,Male,8.63,4.09
651,Delhi,23,Female,8.87,4.62
652,Delhi,22,Female,9.58,4.43
653,Kolkata,24,Male,9.26,3.79
654,Delhi,25,Female,8.37,4.11
655,Delhi,26,Male,6.47,2.61
656,Pune,22,Female,6.86,3.09
657,Chennai,25,Male,8.2,3.39
658,Ahmedabad,26,Female,5.84,2.74
659,Bangalore,24,Female,6.6,1.94
660,Chennai,24,Male,6.92,3.09
661,Kolkata,24,Female,7.56,3.31
662,Mumbai,24,Female,5.61,2.19
663,Chennai,23,Male,5.48,1.61
664,Hyderabad,26,Female,6.34,2.09
665,Ahmedabad,24,Male,9.16,4.25
666,Hyderabad,25,Male,7.36,2.92
667,Ahmedabad,23,Male,7.6,3.81
668,Chennai,25,Male,5.11,1.63
669,Delhi,22,Male,6.51,2.89
670,Mumbai,25,Female,7.56,2.99
671,Bangalore,24,Female,7.3,2.94
672,Kolkata,26,Male,5.79,2.35
673,Delhi,24,Male,7.47,3.34
674,Kolkata,26,Male,7.78,3.62
675,Bangalore,22,Male,8.44,4.03
676,Hyderabad,24,Male,6.85,3.44
677,Pune,25,Male,6.97,3.28
678,Hyderabad,25,Female,6.94,3.15
679,Pune,26,Male,8.99,4.6
680,Chennai,26,Female,6.59,2.21
681,Bangalore,23,Female,7.18,3
682,Mumbai,24,Female,7.63,3.44
683,Chennai,24,Male,6.1,2.2
684,Delhi,25,Male,5.58,2.17
685,Kolkata,22,Female,8.44,3.49
686,Kolkata,23,Female,4.26,1.53
687,Ahmedabad,24,Female,4.79,1.48
688,Mumbai,25,Male,7.61,2.77
689,Delhi,26,Female,8.09,3.55
690,Chennai,26,Female,4.73,1.48
691,Hyderabad,25,Male,6.42,2.72
692,Pune,24,Female,7.11,2.66
693,Bangalore,23,Male,6.22,2.14
694,Pune,23,Female,7.9,4
695,Ahmedabad,25,Male,6.79,3.08
696,Delhi,24,Female,5.83,2.42
697,Mumbai,26,Female,6.63,2.79
698,Bangalore,24,Male,7.11,2.61
699,Hyderabad,24,Male,5.98,2.84
700,Mumbai,22,Male,7.69,3.83
701,Ahmedabad,22,Female,6.61,3.24
702,Ahmedabad,25,Male,7.95,4.14
703,Bangalore,24,Male,6.71,3.52
704,Pune,26,Female,5.13,1.37
705,Chennai,26,Female,7.05,3
706,Pune,22,Female,7.62,3.74
707,Bangalore,23,Male,6.66,2.82
708,Chennai,24,Male,6.13,2.19
709,Kolkata,22,Female,6.33,2.59
710,Chennai,24,Male,7.76,3.54
711,Bangalore,26,Male,7.77,4.06
712,Kolkata,24,Female,8.18,3.76
713,Hyderabad,23,Male,5.42,2.25
714,Kolkata,22,Male,8.58,4.1
715,Kolkata,25,Female,6.94,2.37
716,Bangalore,25,Male,5.84,1.87
717,Kolkata,22,Male,8.35,4.21
718,Ahmedabad,22,Female,9.04,3.33
719,Delhi,26,Male,7.12,2.99
720,Bangalore,24,Female,7.4,2.88
721,Pune,25,Male,7.39,2.65
722,Mumbai,26,Female,5.23,1.73
723,Delhi,23,Male,6.5,3.02
724,Chennai,25,Female,5.12,2.01
725,Pune,25,Male,5.1,2.3
726,Ahmedabad,23,Male,6.06,2.31
727,Kolkata,25,Male,7.33,3.16
728,Kolkata,25,Female,5.91,2.6
729,Bangalore,23,Male,6.78,3.11
730,Delhi,24,Female,7.93,3.34
731,Chennai,24,Female,7.29,3.12
732,Hyderabad,25,Female,6.68,2.49
733,Pune,25,Female,6.37,2.01
734,Ahmedabad,23,Female,5.84,2.48
735,Chennai,26,Female,6.05,2.58
736,Chennai,22,Male,7.2,2.83
737,Delhi,22,Male,6.1,2.6
738,Chennai,26,Female,5.64,2.1
739,Chennai,25,Female,7.14,3.13
740,Pune,25,Female,7.91,3.89
741,Bangalore,25,Male,7.19,2.4
742,Hyderabad,25,Female,7.91,3.15
743,Delhi,26,Male,6.76,3.18
744,Kolkata,23,Male,6.93,3.04
745,Bangalore,23,Female,4.85,1.54
746,Chennai,25,Male,6.17,2.42
747,Kolkata,26,Male,5.84,2.18
748,Ahmedabad,23,Male,6.07,2.46
749,Mumbai,25,Female,5.66,2.21
750,Delhi,22,Female,7.57,3.4
751,Chennai,23,Male,8.28,3.67
752,Mumbai,23,Female,6.3,2.73
753,Pune,24,Male,6.12,2.76
754,Delhi,24,Male,7.37,3.08
755,Kolkata,26,Female,7.94,3.99
756,Delhi,26,Male,7.08,2.85
757,Kolkata,25,Female,6.98,3.09
758,Mumbai,24,Female,7.38,3.13
759,Chennai,22,Female,6.47,2.7
760,Pune,25,Male,5.95,3.04
761,Kolkata,22,Female,8.71,4.08
762,Hyderabad,25,Female,7.13,2.93
763,Pune,26,Female,7.3,3.33
764,Delhi,24,Female,5.53,2.55
765,Hyderabad,25,Male,8.93,3.91
766,Hyderabad,23,Male,9.06,3.82
767,Ahmedabad,26,Male,8.21,4.08
768,Bangalore,24,Male,8.6,3.98
769,Hyderabad,25,Female,8.13,3.6
770,Hyderabad,23,Female,8.65,3.52
771,Hyderabad,24,Female,9.31,4.37
772,Pune,24,Male,6.22,2.87
773,Ahmedabad,25,Female,8.01,3.76
774,Delhi,24,Male,6.93,2.51
775,Ahmedabad,23,Male,6.75,2.56
776,Hyderabad,23,Female,7.32,2.99
777,Chennai,26,Male,7.04,3.5
778,Delhi,23,Male,6.29,3.23
779,Bangalore,25,Male,7.09,3.64
780,Kolkata,22,Female,8.15,3.63
781,Pune,26,Female,7.14,3.03
782,Delhi,23,Male,6.19,2.72
783,Bangalore,26,Female,8.22,3.89
784,Ahmedabad,26,Female,5.88,2.08
785,Chennai,23,Female,7.28,2.72
786,Kolkata,22,Female,7.88,3.14
787,Kolkata,22,Male,6.31,3.18
788,Chennai,25,Female,7.84,3.47
789,Pune,26,Female,6.26,2.44
790,Delhi,22,Male,7.35,3.08
791,Ahmedabad,25,Male,8.11,4.06
792,Hyderabad,24,Female,6.19,2.69
793,Pune,24,Male,7.28,3.48
794,Chennai,26,Female,8.25,3.75
795,Chennai,22,Female,4.57,1.94
796,Delhi,24,Female,7.89,3.67
797,Delhi,22,Female,6.93,2.46
798,Chennai,22,Female,5.89,2.57
799,Kolkata,26,Male,7.21,3.24
800,Hyderabad,24,Female,7.63,3.96
801,Kolkata,25,Male,6.22,2.33
802,Hyderabad,24,Female,6.89,3.26
803,Ahmedabad,24,Female,5.12,1.98
804,Delhi,24,Male,7.82,3.25
805,Ahmedabad,23,Male,7.42,3.67
806,Delhi,25,Male,6.94,3.57
807,Mumbai,23,Female,7.89,2.99
808,Bangalore,25,Male,6.73,2.6
809,Pune,26,Male,6.75,2.48
810,Ahmedabad,26,Male,6.09,2.31
811,Ahmedabad,22,Male,8.31,3.51
812,Delhi,23,Female,5.32,1.86
813,Ahmedabad,25,Female,6.61,2.6
814,Kolkata,24,Female,8.94,3.65
815,Mumbai,23,Female,6.93,2.89
816,Delhi,22,Female,7.73,3.42
817,Kolkata,25,Male,7.25,3.23
818,Kolkata,23,Female,6.84,2.35
819,Chennai,26,Male,5.38,2.09
820,Delhi,24,Female,6.94,2.98
821,Ahmedabad,26,Male,7.48,2.83
822,Bangalore,25,Male,7.28,3.16
823,Hyderabad,22,Male,6.85,2.93
824,Chennai,24,Male,6.14,2.3
825,Chennai,26,Female,6.19,2.48
826,Bangalore,23,Female,6.53,2.71
827,Ahmedabad,23,Male,7.28,3.65
828,Hyderabad,24,Female,8.31,3.42
829,Hyderabad,24,Male,5.42,2.16
830,Pune,25,Male,5.94,2.24
831,Ahmedabad,26,Male,7.15,3.49
832,Delhi,23,Male,7.36,3.26
833,Chennai,22,Male,8.1,3.89
834,Bangalore,23,Female,6.96,3.08
835,Kolkata,24,Male,6.35,2.73
836,Bangalore,26,Male,7.34,3.42
837,Delhi,26,Male,6.87,2.87
838,Kolkata,23,Female,5.99,2.84
839,Pune,23,Female,5.9,2.43
840,Kolkata,26,Male,8.62,4.36
841,Kolkata,23,Female,7.43,3.33
842,Bangalore,25,Male,9.38,4.02
843,Hyderabad,24,Female,6.89,2.7
844,Ahmedabad,26,Male,5.95,2.54
845,Kolkata,24,Female,7.66,2.76
846,Pune,24,Female,5.09,1.86
847,Mumbai,26,Male,7.87,3.58
848,Bangalore,24,Male,6.07,2.26
849,Ahmedabad,24,Male,5.84,3.26
850,Ahmedabad,25,Male,8.63,4.09
851,Delhi,24,Female,8.87,4.62
852,Pune,22,Female,9.58,4.43
853,Ahmedabad,26,Female,9.26,3.79
854,Hyderabad,22,Female,8.37,4.11
855,Chennai,26,Female,6.47,2.61
856,Kolkata,24,Male,6.86,3.09
857,Chennai,26,Female,8.2,3.39
858,Mumbai,23,Male,5.84,2.74
859,Ahmedabad,25,Female,6.6,1.94
860,Chennai,23,Female,6.92,3.09
861,Mumbai,24,Male,7.56,3.31
862,Chennai,26,Male,5.61,2.19
863,Pune,26,Male,5.48,1.61
864,Delhi,22,Female,6.34,2.09
865,Bangalore,22,Female,9.16,4.25
866,Pune,25,Female,7.36,2.92
867,Bangalore,25,Female,7.6,3.81
868,Kolkata,26,Female,5.11,1.63
869,Mumbai,22,Male,6.51,2.89
870,Kolkata,26,Male,7.56,2.99
871,Ahmedabad,26,Male,7.3,2.94
872,Ahmedabad,23,Male,5.79,2.35
873,Kolkata,26,Male,7.47,3.34
874,Ahmedabad,25,Female,7.78,3.62
875,Pune,26,Female,8.44,4.03
876,Mumbai,23,Male,6.85,3.44
877,Mumbai,22,Male,6.97,3.28
878,Kolkata,26,Male,6.94,3.15
879,Chennai,26,Female,8.99,4.6
880,Mumbai,26,Male,6.59,2.21
881,Chennai,22,Female,7.18,3
882,Ahmedabad,22,Female,7.63,3.44
883,Bangalore,23,Male,6.1,2.2
884,Mumbai,22,Female,5.58,2.17
885,Bangalore,26,Male,8.44,3.49
886,Bangalore,25,Female,4.26,1.53
887,Chennai,26,Male,4.79,1.48
888,Kolkata,24,Male,7.61,2.77
889,Kolkata,26,Female,8.09,3.55
890,Kolkata,26,Male,4.73,1.48
891,Bangalore,23,Female,6.42,2.72
892,Ahmedabad,25,Female,7.11,2.66
893,Mumbai,22,Female,6.22,2.14
894,Pune,23,Male,7.9,4
895,Delhi,23,Male,6.79,3.08
896,Chennai,26,Male,5.83,2.42
897,Chennai,25,Male,6.63,2.79
898,Ahmedabad,22,Male,7.11,2.61
899,Mumbai,24,Male,5.98,2.84
900,Hyderabad,26,Male,7.69,3.83
901,Ahmedabad,26,Male,6.61,3.24
902,Kolkata,26,Female,7.95,4.14
903,Chennai,24,Female,6.71,3.52
904,Bangalore,24,Male,5.13,1.37
905,Mumbai,22,Female,7.05,3
906,Ahmedabad,22,Female,7.62,3.74
907,Mumbai,26,Male,6.66,2.82
908,Pune,22,Male,6.13,2.19
909,Hyderabad,24,Female,6.33,2.59
910,Hyderabad,25,Female,7.76,3.54
911,Delhi,23,Male,7.77,4.06
912,Hyderabad,23,Female,8.18,3.76
913,Hyderabad,26,Female,5.42,2.25
914,Delhi,22,Male,8.58,4.1
915,Hyderabad,22,Female,6.94,2.37
916,Chennai,24,Male,5.84,1.87
917,Hyderabad,24,Male,8.35,4.21
918,Mumbai,23,Male,9.04,3.33
919,Delhi,24,Male,7.12,2.99
920,Pune,22,Male,7.4,2.88
921,Chennai,25,Male,7.39,2.65
922,Ahmedabad,22,Female,5.23,1.73
923,Mumbai,25,Female,6.5,3.02
924,Chennai,22,Female,5.12,2.01
925,Bangalore,26,Female,5.1,2.3
926,Pune,23,Male,6.06,2.31
927,Chennai,22,Female,7.33,3.16
928,Kolkata,26,Male,5.91,2.6
929,Pune,23,Male,6.78,3.11
930,Bangalore,25,Female,7.93,3.34
931,Chennai,23,Male,7.29,3.12
932,Pune,26,Female,6.68,2.49
933,Pune,25,Female,6.37,2.01
934,Ahmedabad,25,Female,5.84,2.48
935,Hyderabad,24,Male,6.05,2.58
936,Ahmedabad,23,Male,7.2,2.83
937,Chennai,23,Male,6.1,2.6
938,Chennai,26,Male,5.64,2.1
939,Mumbai,23,Female,7.14,3.13
940,Delhi,22,Male,7.91,3.89
941,Ahmedabad,25,Male,7.19,2.4
942,Pune,22,Male,7.91,3.15
943,Delhi,22,Female,6.76,3.18
944,Chennai,23,Female,6.93,3.04
945,Bangalore,24,Female,4.85,1.54
946,Mumbai,24,Male,6.17,2.42
947,Pune,26,Female,5.84,2.18
948,Pune,26,Female,6.07,2.46
949,Pune,24,Male,5.66,2.21
950,Chennai,25,Male,7.57,3.4
951,Kolkata,23,Female,8.28,3.67
952,Delhi,25,Female,6.3,2.73
953,Chennai,26,Female,6.12,2.76
954,Delhi,26,Male,7.37,3.08
955,Bangalore,25,Male,7.94,3.99
956,Chennai,22,Female,7.08,2.85
957,Pune,26,Male,6.98,3.09
958,Hyderabad,25,Male,7.38,3.13
959,Pune,24,Male,6.47,2.7
960,Pune,22,Female,5.95,3.04
961,Kolkata,23,Female,8.71,4.08
962,Mumbai,25,Male,7.13,2.93
963,Hyderabad,26,Female,7.3,3.33
964,Delhi,24,Male,5.53,2.55
965,Chennai,26,Female,8.93,3.91
966,Pune,22,Male,9.06,3.82
967,Bangalore,23,Male,8.21,4.08
968,Hyderabad,25,Male,8.6,3.98
969,Chennai,26,Female,8.13,3.6
970,Bangalore,24,Male,8.65,3.52
971,Mumbai,26,Female,9.31,4.37
972,Mumbai,24,Female,6.22,2.87
973,Delhi,24,Male,8.01,3.76
974,Hyderabad,24,Female,6.93,2.51
975,Hyderabad,22,Female,6.75,2.56
976,Mumbai,25,Female,7.32,2.99
977,Bangalore,26,Male,7.04,3.5
978,Ahmedabad,23,Male,6.29,3.23
979,Bangalore,26,Male,7.09,3.64
980,Delhi,26,Male,8.15,3.63
981,Hyderabad,24,Female,7.14,3.03
982,Bangalore,22,Male,6.19,2.72
983,Mumbai,24,Female,8.22,3.89
984,Mumbai,23,Female,5.88,2.08
985,Delhi,26,Female,7.28,2.72
986,Chennai,24,Male,7.88,3.14
987,Delhi,25,Female,6.31,3.18
988,Mumbai,22,Female,7.84,3.47
989,Mumbai,23,Female,6.26,2.44
990,Delhi,23,Male,7.35,3.08
991,Bangalore,22,Female,8.11,4.06
992,Hyderabad,26,Male,6.19,2.69
993,Delhi,26,Female,7.28,3.48
994,Delhi,22,Male,8.25,3.75
995,Pune,25,Female,4.57,1.94
996,Pune,26,Male,7.89,3.67
997,Bangalore,25,Female,6.93,2.46
998,Mumbai,25,Female,5.89,2.57
999,Pune,23,Male,7.21,3.24
1000,Pune,22,Male,7.63,3.96
1001,Delhi,24,Male,6.22,2.33
1002,Kolkata,22,Male,6.89,3.26
1003,Delhi,25,Male,5.12,1.98
1004,Kolkata,25,Male,7.82,3.25
1005,Delhi,23,Female,7.42,3.67
1006,Ahmedabad,23,Male,6.94,3.57
1007,Delhi,22,Female,7.89,2.99
1008,Hyderabad,26,Male,6.73,2.6
1009,Mumbai,26,Male,6.75,2.48
1010,Mumbai,23,Male,6.09,2.31
1011,Pune,25,Male,8.31,3.51
1012,Kolkata,26,Male,5.32,1.86
1013,Hyderabad,25,Male,6.61,2.6
1014,Bangalore,25,Male,8.94,3.65
1015,Hyderabad,25,Male,6.93,2.89
1016,Pune,22,Female,7.73,3.42
1017,Kolkata,22,Female,7.25,3.23
1018,Kolkata,22,Female,6.84,2.35
1019,Kolkata,25,Female,5.38,2.09
1020,Chennai,23,Male,6.94,2.98
1021,Chennai,26,Female,7.48,2.83
1022,Kolkata,23,Female,7.28,3.16
1023,Chennai,26,Male,6.85,2.93
1024,Ahmedabad,25,Male,6.14,2.3
1025,Mumbai,26,Male,6.19,2.48
1026,Chennai,22,Female,6.53,2.71
1027,Delhi,24,Female,7.28,3.65
1028,Ahmedabad,22,Male,8.31,3.42
1029,Chennai,22,Male,5.42,2.16
1030,Ahmedabad,24,Female,5.94,2.24
1031,Hyderabad,25,Female,7.15,3.49
1032,Delhi,24,Female,7.36,3.26
1033,Delhi,23,Female,8.1,3.89
1034,Kolkata,22,Male,6.96,3.08
1035,Pune,25,Female,6.35,2.73
1036,Pune,25,Female,7.34,3.42
1037,Hyderabad,22,Female,6.87,2.87
1038,Ahmedabad,23,Female,5.99,2.84
1039,Bangalore,24,Male,5.9,2.43
1040,Ahmedabad,23,Male,8.62,4.36
1041,Hyderabad,23,Female,7.43,3.33
1042,Chennai,26,Female,9.38,4.02
1043,Pune,25,Male,6.89,2.7
1044,Bangalore,24,Male,5.95,2.54
1045,Delhi,24,Female,7.66,2.76
1046,Mumbai,22,Male,5.09,1.86
1047,Ahmedabad,23,Female,7.87,3.58
1048,Bangalore,26,Male,6.07,2.26
1049,Delhi,22,Female,5.84,3.26
1050,Hyderabad,23,Male,8.63,4.09
1051,Kolkata,22,Male,8.87,4.62
1052,Chennai,22,Male,9.58,4.43
1053,Delhi,23,Female,9.26,3.79
1054,Hyderabad,23,Female,8.37,4.11
1055,Ahmedabad,24,Female,6.47,2.61
1056,Ahmedabad,22,Male,6.86,3.09
1057,Mumbai,26,Male,8.2,3.39
1058,Kolkata,24,Male,5.84,2.74
1059,Chennai,26,Male,6.6,1.94
1060,Hyderabad,26,Male,6.92,3.09
1061,Ahmedabad,26,Female,7.56,3.31
1062,Chennai,24,Female,5.61,2.19
1063,Kolkata,22,Female,5.48,1.61
1064,Hyderabad,25,Female,6.34,2.09
1065,Delhi,23,Female,9.16,4.25
1066,Chennai,23,Male,7.36,2.92
1067,Ahmedabad,22,Male,7.6,3.81
1068,Kolkata,25,Female,5.11,1.63
1069,Ahmedabad,24,Female,6.51,2.89
1070,Kolkata,22,Female,7.56,2.99
1071,Pune,24,Male,7.3,2.94
1072,Pune,25,Female,5.79,2.35
1073,Hyderabad,25,Male,7.47,3.34
1074,Ahmedabad,25,Female,7.78,3.62
1075,Pune,23,Female,8.44,4.03
1076,Ahmedabad,25,Female,6.85,3.44
1077,Hyderabad,24,Male,6.97,3.28
1078,Delhi,25,Female,6.94,3.15
1079,Ahmedabad,22,Female,8.99,4.6
1080,Kolkata,24,Male,6.59,2.21
1081,Mumbai,25,Male,7.18,3
1082,Ahmedabad,22,Female,7.63,3.44
1083,Hyderabad,25,Male,6.1,2.2
1084,Hyderabad,23,Female,5.58,2.17
1085,Hyderabad,22,Male,8.44,3.49
1086,Ahmedabad,23,Male,4.26,1.53
1087,Bangalore,26,Male,4.79,1.48
1088,Delhi,23,Male,7.61,2.77
1089,Bangalore,25,Female,8.09,3.55
1090,Pune,22,Female,4.73,1.48
1091,Hyderabad,24,Female,6.42,2.72
1092,Ahmedabad,23,Male,7.11,2.66
1093,Bangalore,25,Female,6.22,2.14
1094,Pune,24,Male,7.9,4
1095,Chennai,25,Female,6.79,3.08
1096,Bangalore,26,Female,5.83,2.42
1097,Hyderabad,25,Male,6.63,2.79
1098,Kolkata,23,Male,7.11,2.61
1099,Bangalore,22,Male,5.98,2.84
1100,Ahmedabad,23,Male,7.69,3.83
1101,Delhi,24,Female,6.61,3.24
1102,Bangalore,22,Male,7.95,4.14
1103,Chennai,25,Male,6.71,3.52
1104,Hyderabad,23,Female,5.13,1.37
1105,Pune,25,Male,7.05,3
1106,Ahmedabad,26,Male,7.62,3.74
1107,Chennai,25,Female,6.66,2.82
1108,Hyderabad,23,Male,6.13,2.19
1109,Ahmedabad,25,Male,6.33,2.59
1110,Hyderabad,25,Male,7.76,3.54
1111,Delhi,23,Male,7.77,4.06
1112,Delhi,23,Female,8.18,3.76
1113,Kolkata,22,Female,5.42,2.25
1114,Mumbai,23,Female,8.58,4.1
1115,Chennai,26,Female,6.94,2.37
1116,Mumbai,25,Female,5.84,1.87
1117,Pune,23,Female,8.35,4.21
1118,Delhi,24,Female,9.04,3.33
1119,Chennai,25,Female,7.12,2.99
1120,Hyderabad,26,Male,7.4,2.88
1121,Pune,23,Male,7.39,2.65
1122,Delhi,25,Female,5.23,1.73
1123,Ahmedabad,22,Female,6.5,3.02
1124,Hyderabad,26,Male,5.12,2.01
1125,Hyderabad,24,Male,5.1,2.3
1126,Hyderabad,26,Female,6.06,2.31
1127,Chennai,22,Female,7.33,3.16
1128,Pune,23,Male,5.91,2.6
1129,Ahmedabad,26,Female,6.78,3.11
1130,Hyderabad,26,Male,7.93,3.34
1131,Delhi,22,Female,7.29,3.12
1132,Delhi,23,Female,6.68,2.49
1133,Ahmedabad,24,Female,6.37,2.01
1134,Ahmedabad,24,Male,5.84,2.48
1135,Mumbai,25,Male,6.05,2.58
1136,Chennai,24,Female,7.2,2.83
1137,Kolkata,23,Male,6.1,2.6
1138,Hyderabad,24,Female,5.64,2.1
1139,Mumbai,22,Female,7.14,3.13
1140,Pune,26,Male,7.91,3.89
1141,Mumbai,23,Female,7.19,2.4
1142,Chennai,22,Male,7.91,3.15
1143,Pune,24,Female,6.76,3.18
1144,Pune,24,Female,6.93,3.04
1145,Ahmedabad,22,Female,4.85,1.54
1146,Bangalore,26,Female,6.17,2.42
1147,Bangalore,22,Male,5.84,2.18
1148,Ahmedabad,26,Male,6.07,2.46
1149,Delhi,26,Female,5.66,2.21
1150,Chennai,24,Female,7.57,3.4
1151,Mumbai,25,Male,8.28,3.67
1152,Ahmedabad,24,Female,6.3,2.73
1153,Hyderabad,25,Female,6.12,2.76
1154,Delhi,25,Female,7.37,3.08
1155,Ahmedabad,24,Male,7.94,3.99
1156,Bangalore,25,Male,7.08,2.85
1157,Pune,25,Female,6.98,3.09
1158,Pune,23,Male,7.38,3.13
1159,Pune,22,Female,6.47,2.7
1160,Hyderabad,26,Female,5.95,3.04
1161,Kolkata,25,Female,8.71,4.08
1162,Kolkata,23,Male,7.13,2.93
1163,Pune,23,Male,7.3,3.33
1164,Mumbai,23,Female,5.53,2.55
1165,Bangalore,24,Female,8.93,3.91
1166,Delhi,24,Female,9.06,3.82
1167,Chennai,22,Female,8.21,4.08
1168,Chennai,22,Male,8.6,3.98
1169,Kolkata,22,Female,8.13,3.6
1170,Kolkata,23,Female,8.65,3.52
1171,Bangalore,26,Male,9.31,4.37
1172,Bangalore,25,Female,6.22,2.87
1173,Hyderabad,26,Female,8.01,3.76
1174,Pune,24,Male,6.93,2.51
1175,Kolkata,23,Male,6.75,2.56
1176,Chennai,22,Female,7.32,2.99
1177,Kolkata,23,Male,7.04,3.5
1178,Delhi,25,Female,6.29,3.23
1179,Kolkata,25,Female,7.09,3.64
1180,Kolkata,23,Male,8.15,3.63
1181,Mumbai,26,Female,7.14,3.03
1182,Delhi,26,Female,6.19,2.72
1183,Delhi,25,Female,8.22,3.89
1184,Hyderabad,23,Male,5.88,2.08
1185,Hyderabad,25,Male,7.28,2.72
1186,Chennai,25,Male,7.88,3.14
1187,Bangalore,26,Female,6.31,3.18
1188,Chennai,24,Male,7.84,3.47
1189,Hyderabad,23,Male,6.26,2.44
1190,Ahmedabad,22,Female,7.35,3.08
1191,Ahmedabad,24,Male,8.11,4.06
1192,Hyderabad,22,Female,6.19,2.69
1193,Ahmedabad,24,Female,7.28,3.48
1194,Ahmedabad,25,Male,8.25,3.75
1195,Kolkata,23,Male,4.57,1.94
1196,Hyderabad,26,Female,7.89,3.67
1197,Delhi,22,Female,6.93,2.46
1198,Hyderabad,23,Male,5.89,2.57
1199,Mumbai,24,Female,7.21,3.24
1200,Kolkata,26,Male,7.63,3.96
1201,Ahmedabad,24,Male,6.22,2.33
1202,Mumbai,22,Male,7.23,4.1
1203,Ahmedabad,26,Female,6.89,3.26
1204,Delhi,26,Female,5.12,1.98
1205,Mumbai,23,Female,7.82,3.25
1206,Kolkata,23,Male,7.42,3.67
1207,Ahmedabad,25,Female,6.94,3.57
1208,Chennai,23,Female,7.89,2.99
1209,Hyderabad,23,Male,6.73,2.6
1210,Mumbai,22,Female,6.75,2.48
1211,Ahmedabad,26,Female,6.09,2.31
1212,Chennai,22,Female,8.31,3.51
1213,Hyderabad,23,Male,5.32,1.86
1214,Kolkata,24,Female,6.61,2.6
1215,Kolkata,23,Female,8.94,3.65
1216,Pune,23,Female,6.93,2.89
1217,Mumbai,23,Male,7.73,3.42
1218,Bangalore,24,Male,7.25,3.23
1219,Pune,26,Male,6.84,2.35
1220,Hyderabad,24,Male,5.38,2.09
1221,Mumbai,22,Female,6.94,2.98
1222,Delhi,24,Female,7.48,2.83
1223,Kolkata,24,Male,7.28,3.16
1224,Kolkata,25,Female,6.85,2.93
1225,Pune,25,Female,6.14,2.3
1226,Hyderabad,23,Female,6.19,2.48
1227,Kolkata,22,Male,6.53,2.71
1228,Mumbai,24,Female,7.28,3.65
1229,Chennai,22,Male,8.31,3.42
1230,Bangalore,25,Male,5.42,2.16
1231,Pune,24,Male,5.94,2.24
1232,Mumbai,25,Male,7.15,3.49
1233,Kolkata,23,Female,7.36,3.26
1234,Bangalore,22,Female,8.1,3.89
1235,Pune,24,Female,6.96,3.08
1236,Delhi,24,Male,6.35,2.73
1237,Pune,24,Female,7.34,3.42
1238,Hyderabad,25,Male,6.87,2.87
1239,Delhi,23,Male,5.99,2.84
1240,Pune,26,Male,5.9,2.43
1241,Hyderabad,23,Male,8.62,4.36
1242,Ahmedabad,24,Male,7.43,3.33
1243,Mumbai,23,Male,9.38,4.02
1244,Bangalore,24,Female,6.89,2.7
1245,Kolkata,23,Female,5.95,2.54
1246,Ahmedabad,22,Male,7.66,2.76
1247,Bangalore,25,Female,5.09,1.86
1248,Mumbai,22,Female,7.87,3.58
1249,Delhi,24,Male,6.07,2.26
1250,Chennai,22,Male,5.84,3.26
1251,Kolkata,26,Female,8.63,4.09
1252,Delhi,25,Female,8.87,4.62
1253,Hyderabad,24,Female,9.58,4.43
1254,Kolkata,25,Female,9.26,3.79
1255,Kolkata,23,Male,8.37,4.11
1256,Delhi,24,Male,6.47,2.61
1257,Bangalore,23,Male,6.86,3.09
1258,Delhi,23,Female,8.2,3.39
1259,Chennai,23,Female,5.84,2.74
1260,Mumbai,25,Female,6.6,1.94
1261,Pune,22,Male,6.92,3.09
1262,Chennai,26,Male,7.56,3.31
1263,Mumbai,25,Female,5.61,2.19
1264,Mumbai,22,Male,5.48,1.61
1265,Hyderabad,23,Female,6.34,2.09
1266,Mumbai,22,Male,9.16,4.25
1267,Chennai,22,Female,7.36,2.92
1268,Chennai,25,Male,7.6,3.81
1269,Kolkata,24,Male,5.11,1.63
1270,Ahmedabad,26,Female,6.51,2.89
1271,Ahmedabad,24,Male,7.56,2.99
1272,Hyderabad,23,Male,7.3,2.94
1273,Hyderabad,23,Male,5.79,2.35
1274,Mumbai,24,Female,7.47,3.34
1275,Kolkata,25,Female,7.78,3.62
1276,Delhi,22,Male,8.44,4.03
1277,Pune,24,Female,6.85,3.44
1278,Pune,25,Male,6.97,3.28
1279,Bangalore,26,Male,6.94,3.15
1280,Bangalore,24,Female,8.99,4.6
1281,Delhi,26,Male,6.59,2.21
1282,Bangalore,25,Female,7.18,3
1283,Chennai,25,Female,7.63,3.44
1284,Kolkata,23,Female,6.1,2.2
1285,Ahmedabad,24,Male,5.58,2.17
1286,Ahmedabad,24,Female,8.44,3.49
1287,Bangalore,22,Female,4.26,1.53
1288,Bangalore,23,Male,4.79,1.48
1289,Mumbai,23,Female,7.61,2.77
1290,Kolkata,26,Male,8.09,3.55
1291,Hyderabad,25,Male,4.73,1.48
1292,Chennai,26,Female,6.42,2.72
1293,Kolkata,23,Male,7.11,2.66
1294,Mumbai,22,Male,6.22,2.14
1295,Pune,23,Male,7.9,4
1296,Delhi,25,Female,6.79,3.08
1297,Pune,26,Male,5.83,2.42
1298,Bangalore,24,Male,6.63,2.79
1299,Bangalore,24,Female,7.11,2.61
1300,Kolkata,25,Male,5.98,2.84
1301,Mumbai,26,Male,7.69,3.83
1302,Kolkata,24,Female,6.61,3.24
1303,Kolkata,26,Male,7.95,4.14
1304,Ahmedabad,24,Female,6.71,3.52
1305,Ahmedabad,25,Female,5.13,1.37
1306,Hyderabad,23,Female,7.05,3
1307,Pune,26,Male,7.62,3.74
1308,Delhi,23,Female,6.66,2.82
1309,Delhi,24,Female,6.13,2.19
1310,Chennai,23,Male,6.33,2.59
1311,Ahmedabad,26,Male,7.76,3.54
1312,Pune,26,Female,7.77,4.06
1313,Delhi,23,Female,8.18,3.76
1314,Pune,25,Female,5.42,2.25
1315,Chennai,25,Male,8.58,4.1
1316,Bangalore,25,Female,6.94,2.37
1317,Pune,23,Female,5.84,1.87
1318,Kolkata,26,Male,8.35,4.21
1319,Hyderabad,23,Male,9.04,3.33
1320,Pune,23,Female,7.12,2.99
1321,Mumbai,24,Female,7.4,2.88
1322,Hyderabad,22,Female,7.39,2.65
1323,Hyderabad,24,Female,5.23,1.73
1324,Bangalore,24,Female,6.5,3.02
1325,Ahmedabad,23,Male,5.12,2.01
1326,Ahmedabad,24,Male,5.1,2.3
1327,Delhi,23,Female,6.06,2.31
1328,Hyderabad,26,Female,7.33,3.16
1329,Ahmedabad,23,Male,5.91,2.6
1330,Hyderabad,22,Female,6.78,3.11
1331,Hyderabad,25,Female,7.93,3.34
1332,Mumbai,24,Female,7.29,3.12
1333,Hyderabad,22,Female,6.68,2.49
1334,Kolkata,22,Female,6.37,2.01
1335,Kolkata,26,Male,5.84,2.48
1336,Bangalore,24,Female,6.05,2.58
1337,Pune,23,Male,7.2,2.83
1338,Bangalore,25,Male,6.1,2.6
1339,Ahmedabad,24,Female,5.64,2.1
1340,Bangalore,23,Male,7.14,3.13
1341,Chennai,24,Female,7.91,3.89
1342,Bangalore,23,Female,7.19,2.4
1343,Chennai,22,Female,7.91,3.15
1344,Delhi,23,Male,6.76,3.18
1345,Kolkata,23,Male,6.93,3.04
1346,Hyderabad,23,Female,4.85,1.54
1347,Mumbai,23,Male,6.17,2.42
1348,Kolkata,26,Male,5.84,2.18
1349,Bangalore,23,Female,6.07,2.46
1350,Chennai,22,Female,5.66,2.21
1351,Kolkata,25,Male,7.57,3.4
1352,Hyderabad,24,Female,8.28,3.67
1353,Kolkata,23,Female,6.3,2.73
1354,Delhi,23,Female,6.12,2.76
1355,Pune,22,Female,7.37,3.08
1356,Chennai,25,Male,7.94,3.99
1357,Bangalore,22,Female,7.08,2.85
1358,Chennai,26,Male,6.98,3.09
1359,Bangalore,24,Female,7.38,3.13
1360,Ahmedabad,26,Male,6.47,2.7
1361,Pune,25,Male,5.95,3.04
1362,Pune,24,Male,8.71,4.08
1363,Pune,26,Female,7.13,2.93
1364,Pune,25,Female,7.3,3.33
1365,Ahmedabad,22,Female,5.53,2.55
1366,Mumbai,23,Female,8.93,3.91
1367,Mumbai,22,Female,9.06,3.82
1368,Kolkata,23,Female,8.21,4.08
1369,Pune,25,Male,8.6,3.98
1370,Ahmedabad,26,Male,8.13,3.6
1371,Chennai,26,Female,8.65,3.52
1372,Mumbai,22,Male,9.31,4.37
1373,Bangalore,22,Female,6.22,2.87
1374,Delhi,22,Female,8.01,3.76
1375,Bangalore,25,Female,6.93,2.51
1376,Pune,22,Male,6.75,2.56
1377,Ahmedabad,26,Male,7.32,2.99
1378,Delhi,22,Female,7.04,3.5
1379,Mumbai,24,Female,6.29,3.23
1380,Bangalore,24,Male,7.09,3.64
1381,Ahmedabad,24,Male,8.15,3.63
1382,Bangalore,22,Male,7.14,3.03
1383,Hyderabad,23,Female,6.19,2.72
1384,Delhi,23,Female,8.22,3.89
1385,Hyderabad,25,Female,5.88,2.08
1386,Pune,26,Male,7.28,2.72
1387,Mumbai,23,Male,7.88,3.14
1388,Bangalore,24,Male,6.31,3.18
1389,Chennai,25,Male,7.84,3.47
1390,Chennai,22,Female,6.26,2.44
1391,Delhi,23,Male,7.35,3.08
1392,Delhi,25,Male,8.11,4.06
1393,Ahmedabad,26,Male,6.19,2.69
1394,Mumbai,25,Female,7.28,3.48
1395,Delhi,26,Female,8.25,3.75
1396,Chennai,23,Female,4.57,1.94
1397,Chennai,23,Female,7.89,3.67
1398,Chennai,23,Male,6.93,2.46
1399,Pune,25,Female,5.89,2.57
1400,Pune,24,Male,7.21,3.24
1401,Hyderabad,24,Male,7.63,3.96
1402,Pune,22,Female,6.22,2.33
1403,Kolkata,22,Female,6.89,3.26
1404,Ahmedabad,23,Female,5.12,1.98
1405,Pune,26,Male,7.82,3.25
1406,Mumbai,22,Female,7.42,3.67
1407,Ahmedabad,26,Male,6.94,3.57
1408,Hyderabad,24,Female,7.89,2.99
1409,Hyderabad,24,Male,6.73,2.6
1410,Kolkata,24,Male,6.75,2.48
1411,Hyderabad,23,Male,6.09,2.31
1412,Bangalore,26,Male,8.31,3.51
1413,Delhi,24,Male,5.32,1.86
1414,Mumbai,23,Male,6.61,2.6
1415,Ahmedabad,23,Male,8.94,3.65
1416,Ahmedabad,22,Male,6.93,2.89
1417,Bangalore,25,Female,7.73,3.42
1418,Mumbai,26,Female,7.25,3.23
1419,Kolkata,23,Male,6.84,2.35
1420,Delhi,25,Male,5.38,2.09
1421,Bangalore,23,Male,6.94,2.98
1422,Mumbai,25,Female,7.48,2.83
1423,Kolkata,25,Male,7.28,3.16
1424,Kolkata,26,Male,6.85,2.93
1425,Chennai,25,Male,6.14,2.3
1426,Chennai,22,Male,6.19,2.48
1427,Hyderabad,23,Female,6.53,2.71
1428,Ahmedabad,26,Male,7.28,3.65
1429,Bangalore,23,Male,8.31,3.42
1430,Hyderabad,23,Male,5.42,2.16
1431,Kolkata,23,Female,5.94,2.24
1432,Hyderabad,22,Female,7.15,3.49
1433,Kolkata,26,Female,7.36,3.26
1434,Pune,25,Male,8.1,3.89
1435,Hyderabad,24,Female,6.96,3.08
1436,Chennai,23,Male,6.35,2.73
1437,Delhi,22,Female,7.34,3.42
1438,Delhi,23,Female,6.87,2.87
1439,Hyderabad,26,Male,5.99,2.84
1440,Pune,22,Female,5.9,2.43
1441,Pune,24,Female,8.62,4.36
1442,Delhi,26,Male,7.43,3.33
1443,Hyderabad,25,Male,9.38,4.02
1444,Bangalore,22,Male,6.89,2.7
1445,Pune,23,Male,5.95,2.54
1446,Pune,25,Female,7.66,2.76
1447,Delhi,23,Male,5.09,1.86
1448,Delhi,22,Male,7.87,3.58
1449,Mumbai,25,Male,6.07,2.26
1450,Pune,22,Female,5.84,3.26
1451,Bangalore,23,Female,8.63,4.09
1452,Chennai,25,Female,8.87,4.62
1453,Delhi,24,Male,9.58,4.43
1454,Kolkata,22,Male,9.26,3.79
1455,Chennai,26,Female,8.37,4.11
1456,Pune,26,Male,6.47,2.61
1457,Mumbai,23,Male,6.86,3.09
1458,Bangalore,24,Female,8.2,3.39
1459,Hyderabad,23,Female,5.84,2.74
1460,Kolkata,25,Female,6.6,1.94
1461,Chennai,26,Male,6.92,3.09
1462,Ahmedabad,25,Female,7.56,3.31
1463,Mumbai,25,Male,5.61,2.19
1464,Kolkata,22,Male,5.48,1.61
1465,Bangalore,22,Male,6.34,2.09
1466,Chennai,24,Female,9.16,4.25
1467,Kolkata,26,Female,7.36,2.92
1468,Ahmedabad,26,Female,7.6,3.81
1469,Delhi,22,Female,5.11,1.63
1470,Pune,22,Male,6.51,2.89
1471,Bangalore,23,Female,7.56,2.99
1472,Mumbai,24,Female,7.3,2.94
1473,Delhi,26,Female,5.79,2.35
1474,Bangalore,22,Male,7.47,3.34
1475,Kolkata,23,Female,7.78,3.62
1476,Pune,25,Male,8.44,4.03
1477,Ahmedabad,22,Male,6.85,3.44
1478,Bangalore,26,Female,6.97,3.28
1479,Kolkata,26,Male,6.94,3.15
1480,Pune,26,Male,8.99,4.6
1481,Bangalore,23,Male,6.59,2.21
1482,Ahmedabad,22,Male,7.18,3
1483,Pune,23,Male,7.63,3.44
1484,Bangalore,24,Female,6.1,2.2
1485,Chennai,25,Female,5.58,2.17
1486,Bangalore,22,Female,8.44,3.49
1487,Delhi,23,Female,4.26,1.53
1488,Chennai,22,Female,4.79,1.48
1489,Kolkata,25,Female,7.61,2.77
1490,Hyderabad,24,Male,8.09,3.55
1491,Pune,23,Male,4.73,1.48
1492,Ahmedabad,25,Female,6.42,2.72
1493,Ahmedabad,25,Female,7.11,2.66
1494,Hyderabad,24,Female,6.22,2.14
1495,Bangalore,23,Male,7.9,4
1496,Kolkata,23,Male,6.79,3.08
1497,Bangalore,23,Female,5.83,2.42
1498,Mumbai,23,Male,6.63,2.79
1499,Hyderabad,26,Male,7.11,2.61
1500,Chennai,23,Male,5.98,2.84
